DROP TABLE IF EXISTS "admin";
CREATE TABLE admin (id INTEGER NOT NULL, PRIMARY KEY(id), CONSTRAINT FK_880E0D76BF396750 FOREIGN KEY (id) REFERENCES person (id) ON DELETE CASCADE NOT DEFERRABLE INITIALLY IMMEDIATE);
INSERT INTO "admin" VALUES(1);
DROP TABLE IF EXISTS "admin_outbox";
CREATE TABLE admin_outbox (id INTEGER NOT NULL, recipient INTEGER NOT NULL, message_type VARCHAR(255) DEFAULT NULL, user_type VARCHAR(255) DEFAULT NULL, oppId INTEGER DEFAULT NULL, orgId INTEGER DEFAULT NULL, function VARCHAR(255) NOT NULL, date DATE NOT NULL, PRIMARY KEY(id));
DROP TABLE IF EXISTS "event";
CREATE TABLE event (id INTEGER NOT NULL, event VARCHAR(255) DEFAULT NULL, eventDate DATE DEFAULT NULL, location VARCHAR(45) DEFAULT NULL, starttime VARCHAR(10) DEFAULT NULL, personId INTEGER DEFAULT NULL, PRIMARY KEY(id), CONSTRAINT FK_3BAE0AA7A20C4B1C FOREIGN KEY (personId) REFERENCES person (id) NOT DEFERRABLE INITIALLY IMMEDIATE);
DROP TABLE IF EXISTS "focus";
CREATE TABLE focus (id INTEGER NOT NULL, focus VARCHAR(45) DEFAULT NULL, enabled BOOLEAN NOT NULL, PRIMARY KEY(id));
INSERT INTO "focus" VALUES(1,'All',1);
INSERT INTO "focus" VALUES(2,'Animal Welfare',1);
INSERT INTO "focus" VALUES(3,'Seniors',1);
INSERT INTO "focus" VALUES(4,'Arts and Culture',1);
INSERT INTO "focus" VALUES(5,'Civic and Public Benefit',1);
INSERT INTO "focus" VALUES(6,'Education',1);
INSERT INTO "focus" VALUES(7,'Environment and Conservation',1);
INSERT INTO "focus" VALUES(8,'Health',1);
INSERT INTO "focus" VALUES(9,'Human Services',1);
INSERT INTO "focus" VALUES(10,'Recreation',1);
INSERT INTO "focus" VALUES(11,'Youth Development',1);
DROP TABLE IF EXISTS "opp_skill";
CREATE TABLE opp_skill (oppId INTEGER NOT NULL, skillId INTEGER NOT NULL, PRIMARY KEY(oppId, skillId), CONSTRAINT FK_402CB22889EA8E40 FOREIGN KEY (oppId) REFERENCES opportunity (id) NOT DEFERRABLE INITIALLY IMMEDIATE, CONSTRAINT FK_402CB228EDA4D49F FOREIGN KEY (skillId) REFERENCES skill (id) NOT DEFERRABLE INITIALLY IMMEDIATE);
INSERT INTO "opp_skill" VALUES(1,2);
INSERT INTO "opp_skill" VALUES(2,4);
INSERT INTO "opp_skill" VALUES(2,14);
DROP TABLE IF EXISTS "opportunity";
CREATE TABLE opportunity (id INTEGER NOT NULL, oppName VARCHAR(66) DEFAULT NULL, add_date DATE DEFAULT NULL, lastUpdate DATETIME DEFAULT NULL, minAge INTEGER DEFAULT NULL, active BOOLEAN DEFAULT NULL, group_ok BOOLEAN DEFAULT NULL, expireDate DATE DEFAULT NULL, description CLOB DEFAULT NULL, orgId INTEGER DEFAULT NULL, PRIMARY KEY(id), CONSTRAINT FK_8389C3D73A8AF33E FOREIGN KEY (orgId) REFERENCES organization (id) NOT DEFERRABLE INITIALLY IMMEDIATE);
INSERT INTO "opportunity" VALUES(1,'Feeder',date('now'),NULL,0,1,0,date('now','+1 month'),'Make sure the critters don''t go hungry',1);
INSERT INTO "opportunity" VALUES(2,'Defeatherer',date('now'),NULL,0,1,0,date('now','+1 month'),'Take the fuzzy stuff off!',3);
DROP TABLE IF EXISTS "org_focus";
CREATE TABLE org_focus (orgId INTEGER NOT NULL, focusId INTEGER NOT NULL, PRIMARY KEY(orgId, focusId), CONSTRAINT FK_9C8DB98B3A8AF33E FOREIGN KEY (orgId) REFERENCES organization (id) NOT DEFERRABLE INITIALLY IMMEDIATE, CONSTRAINT FK_9C8DB98B3308C119 FOREIGN KEY (focusId) REFERENCES focus (id) NOT DEFERRABLE INITIALLY IMMEDIATE);
INSERT INTO "org_focus" VALUES(1,2);
INSERT INTO "org_focus" VALUES(2,3);
INSERT INTO "org_focus" VALUES(3,2);
INSERT INTO "org_focus" VALUES(3,11);
DROP TABLE IF EXISTS "organization";
CREATE TABLE organization (id INTEGER NOT NULL, orgName VARCHAR(65) DEFAULT NULL, address VARCHAR(50) DEFAULT NULL, city VARCHAR(50) DEFAULT NULL, state VARCHAR(50) DEFAULT NULL, zip VARCHAR(10) DEFAULT NULL, phone VARCHAR(50) DEFAULT NULL, website VARCHAR(50) DEFAULT NULL, active BOOLEAN DEFAULT NULL, "temp" BOOLEAN NOT NULL, add_date DATETIME DEFAULT NULL, background BOOLEAN DEFAULT NULL, email VARCHAR(255) DEFAULT NULL, areacode INTEGER DEFAULT NULL, PRIMARY KEY(id));
INSERT INTO "organization" VALUES(1,'Glenshire Marmot Fund','PO Box 999','Truckee','CA','96160',NULL,'www.glenshiremarmots.org',1,0,date('now'),NULL,'jglenshire@bogus.info',NULL);
INSERT INTO "organization" VALUES(2,'Glenshire Marmite Fund','PO Box 999','Truckee','CA','96160',NULL,'www.melanzanemarmots.org',1,1,NULL,NULL,'jmelanzane@bogus.info',NULL);
INSERT INTO "organization" VALUES(3,'Turkeys R Us','PO Box 876','Truckee','CA','96160',NULL,NULL,1,0,date('now'),0,NULL,NULL);
DROP TABLE IF EXISTS "person";
CREATE TABLE person (id INTEGER NOT NULL, username VARCHAR(255) NOT NULL, username_canonical VARCHAR(255) NOT NULL, email VARCHAR(255) NOT NULL, email_canonical VARCHAR(255) NOT NULL, enabled BOOLEAN NOT NULL, salt VARCHAR(255) NOT NULL, password VARCHAR(255) NOT NULL, last_login DATETIME DEFAULT NULL, locked BOOLEAN NOT NULL, expired BOOLEAN NOT NULL, expires_at DATETIME DEFAULT NULL, confirmation_token VARCHAR(255) DEFAULT NULL, password_requested_at DATETIME DEFAULT NULL, roles CLOB NOT NULL, credentials_expired BOOLEAN NOT NULL, credentials_expire_at DATETIME DEFAULT NULL, first_name VARCHAR(50) DEFAULT NULL, last_name VARCHAR(50) DEFAULT NULL, add_date DATETIME DEFAULT NULL, type VARCHAR(255) NOT NULL, PRIMARY KEY(id));
INSERT INTO "person" VALUES(1,'admin','admin','admin@bogus.info','admin@bogus.info',1,'10rhjy558mv44c0sccckc04gkkw808w','/IJIziliyfx9vCEHf8NyHw768+kmx8OefzYi2uaV+vcKxaJNbG5pj8Kn4q7ol3vaCsVc7cTiXkqKmVu448e70Q==',NULL,0,0,NULL,NULL,NULL,'a:1:{i:0;s:16:"ROLE_SUPER_ADMIN";}',0,NULL,'Benny','Borko',NULL,'admin');
INSERT INTO "person" VALUES(2,'jglenshire','jglenshire','jglenshire@bogus.info','jglenshire@bogus.info',1,'hpw5h3v9ni0w0osg0g8480k8o0kw8cw','hAYjBNvlkdWpwkxVgcnLg6y9ODWZ5vQS6FHpuDd9crv+Ngc+vq09vz8xj3vsRV7x4jipEapkevhaZGd+q5qQRg==',NULL,0,0,NULL,NULL,NULL,'a:1:{i:0;s:10:"ROLE_STAFF";}',0,NULL,'Joe','Glenshire',NULL,'staff');
INSERT INTO "person" VALUES(3,'hvolunteer','hvolunteer','hvolunteer@bogus.info','hvolunteer@bogus.info',1,'73an1b03lpwcccw8k4cccgw8wsw8s08','kGLd5eaPt7uM/qFnYUpd1Gj4VP4c7Z6En4b9kMXlE3762atxQVHguAFk5vPISSl9XPxiZwUkPtcTPkwn4k4Hnw==',NULL,0,0,NULL,NULL,NULL,'a:0:{}',0,NULL,'Harry','Volunteer',NULL,'volunteer');
INSERT INTO "person" VALUES(4,'jmelanzane','jmelanzane','jmelanzane@bogus.info','jmelanzane@bogus.info',1,'e09m5fsldu88go0kws44gc4wgwwgkcw','FUNEDdW1U6eCNGmb5Klq//eHy0bd2yxrpLlkgBem3yYnNBg4iRLTc4AaX66YslrYCZHtUr56KesRC4urfg9gQw==',NULL,0,0,NULL,NULL,NULL,'a:1:{i:0;s:10:"ROLE_STAFF";}',0,NULL,'Joe','Melanzane',NULL,'staff');
INSERT INTO "person" VALUES(5,'bborko','bborko','bborko@bogus.info','bborko@bogus.info',1,'hpw5h3v9ni0w0osg0g8480k8o0kw8cw','hAYjBNvlkdWpwkxVgcnLg6y9ODWZ5vQS6FHpuDd9crv+Ngc+vq09vz8xj3vsRV7x4jipEapkevhaZGd+q5qQRg==','2015-09-18 05:33:32',0,0,NULL,NULL,NULL,'a:1:{i:0;s:10:"ROLE_STAFF";}',0,NULL,'Benny','Borko',date('now'),'staff');
DROP TABLE IF EXISTS "sandbox";
CREATE TABLE sandbox (id INTEGER NOT NULL, PRIMARY KEY(id), CONSTRAINT FK_E6EAF167BF396750 FOREIGN KEY (id) REFERENCES person (id) ON DELETE CASCADE NOT DEFERRABLE INITIALLY IMMEDIATE);
DROP TABLE IF EXISTS "search";
CREATE TABLE search (id INTEGER NOT NULL, focus_id INTEGER DEFAULT NULL, org_id INTEGER DEFAULT NULL, opp_id INTEGER DEFAULT NULL, skill_id INTEGER DEFAULT NULL, type VARCHAR(255) NOT NULL, date DATE NOT NULL, PRIMARY KEY(id), CONSTRAINT FK_B4F0DBA751804B42 FOREIGN KEY (focus_id) REFERENCES focus (id) NOT DEFERRABLE INITIALLY IMMEDIATE, CONSTRAINT FK_B4F0DBA7F4837C1B FOREIGN KEY (org_id) REFERENCES organization (id) NOT DEFERRABLE INITIALLY IMMEDIATE, CONSTRAINT FK_B4F0DBA7438D405D FOREIGN KEY (opp_id) REFERENCES opportunity (id) NOT DEFERRABLE INITIALLY IMMEDIATE, CONSTRAINT FK_B4F0DBA75585C142 FOREIGN KEY (skill_id) REFERENCES skill (id) NOT DEFERRABLE INITIALLY IMMEDIATE);
DROP TABLE IF EXISTS "skill";
CREATE TABLE skill (id INTEGER NOT NULL, skill VARCHAR(45) DEFAULT NULL, enabled BOOLEAN NOT NULL, PRIMARY KEY(id));
INSERT INTO "skill" VALUES(1,'All',1);
INSERT INTO "skill" VALUES(2,'Administrative Support',1);
INSERT INTO "skill" VALUES(3,'Board Member',1);
INSERT INTO "skill" VALUES(4,'Computers & IT',1);
INSERT INTO "skill" VALUES(5,'Construction/Handy Man',1);
INSERT INTO "skill" VALUES(6,'Driving',1);
INSERT INTO "skill" VALUES(7,'Fundraising/Grant Writing',1);
INSERT INTO "skill" VALUES(8,'Health Care',1);
INSERT INTO "skill" VALUES(9,'Management',1);
INSERT INTO "skill" VALUES(10,'Marketing/PR',1);
INSERT INTO "skill" VALUES(11,'Customer Service',1);
INSERT INTO "skill" VALUES(12,'Mentoring/Tutoring',1);
INSERT INTO "skill" VALUES(13,'Web/Graphics Design',1);
INSERT INTO "skill" VALUES(14,'Legal Services',1);
INSERT INTO "skill" VALUES(15,'Accounting/Bookkeeping',1);
DROP TABLE IF EXISTS "staff";
CREATE TABLE staff (id INTEGER NOT NULL, orgId INTEGER DEFAULT NULL, PRIMARY KEY(id), CONSTRAINT FK_426EF3923A8AF33E FOREIGN KEY (orgId) REFERENCES organization (id) NOT DEFERRABLE INITIALLY IMMEDIATE, CONSTRAINT FK_426EF392BF396750 FOREIGN KEY (id) REFERENCES person (id) ON DELETE CASCADE NOT DEFERRABLE INITIALLY IMMEDIATE);
INSERT INTO "staff" VALUES(2,1);
INSERT INTO "staff" VALUES(4,2);
INSERT INTO "staff" VALUES(5,3);
DROP TABLE IF EXISTS "vol_focus";
CREATE TABLE vol_focus (volId INTEGER NOT NULL, focusId INTEGER NOT NULL, PRIMARY KEY(volId, focusId), CONSTRAINT FK_79573DA1F95C666E FOREIGN KEY (volId) REFERENCES volunteer (id) NOT DEFERRABLE INITIALLY IMMEDIATE, CONSTRAINT FK_79573DA13308C119 FOREIGN KEY (focusId) REFERENCES focus (id) NOT DEFERRABLE INITIALLY IMMEDIATE);
INSERT INTO "vol_focus" VALUES(3,2);
DROP TABLE IF EXISTS "vol_skill";
CREATE TABLE vol_skill (volId INTEGER NOT NULL, skillId INTEGER NOT NULL, PRIMARY KEY(volId, skillId), CONSTRAINT FK_45AA933FF95C666E FOREIGN KEY (volId) REFERENCES volunteer (id) NOT DEFERRABLE INITIALLY IMMEDIATE, CONSTRAINT FK_45AA933FEDA4D49F FOREIGN KEY (skillId) REFERENCES skill (id) NOT DEFERRABLE INITIALLY IMMEDIATE);
INSERT INTO "vol_skill" VALUES(3,2);
DROP TABLE IF EXISTS "volunteer";
CREATE TABLE volunteer (id INTEGER NOT NULL, receive_email BOOLEAN DEFAULT NULL, PRIMARY KEY(id), CONSTRAINT FK_5140DEDBBF396750 FOREIGN KEY (id) REFERENCES person (id) ON DELETE CASCADE NOT DEFERRABLE INITIALLY IMMEDIATE);
INSERT INTO "volunteer" VALUES(3,1);
CREATE INDEX IDX_3BAE0AA7A20C4B1C ON event (personId);
CREATE INDEX IDX_402CB22889EA8E40 ON opp_skill (oppId);
CREATE INDEX IDX_402CB228EDA4D49F ON opp_skill (skillId);
CREATE INDEX IDX_426EF3923A8AF33E ON staff (orgId);
CREATE INDEX IDX_45AA933FEDA4D49F ON vol_skill (skillId);
CREATE INDEX IDX_45AA933FF95C666E ON vol_skill (volId);
CREATE INDEX IDX_79573DA13308C119 ON vol_focus (focusId);
CREATE INDEX IDX_79573DA1F95C666E ON vol_focus (volId);
CREATE INDEX IDX_8389C3D73A8AF33E ON opportunity (orgId);
CREATE INDEX IDX_9C8DB98B3308C119 ON org_focus (focusId);
CREATE INDEX IDX_9C8DB98B3A8AF33E ON org_focus (orgId);
CREATE INDEX IDX_B4F0DBA7438D405D ON search (opp_id);
CREATE INDEX IDX_B4F0DBA751804B42 ON search (focus_id);
CREATE INDEX IDX_B4F0DBA75585C142 ON search (skill_id);
CREATE INDEX IDX_B4F0DBA7F4837C1B ON search (org_id);
CREATE UNIQUE INDEX UNIQ_34DCD17692FC23A8 ON person (username_canonical);
CREATE UNIQUE INDEX UNIQ_34DCD176A0D96FBF ON person (email_canonical);

